{"IcoMoonType":"selection","icons":[{"icon":{"paths":["M889.68 166.32c-93.608-102.216-228.154-166.32-377.68-166.32-282.77 0-512 229.23-512 512h96c0-229.75 186.25-416 416-416 123.020 0 233.542 53.418 309.696 138.306l-149.696 149.694h352v-352l-134.32 134.32z","M928 512c0 229.75-186.25 416-416 416-123.020 0-233.542-53.418-309.694-138.306l149.694-149.694h-352v352l134.32-134.32c93.608 102.216 228.154 166.32 377.68 166.32 282.77 0 512-229.23 512-512h-96z"],"attrs":[],"isMulticolor":false,"isMulticolor2":false,"tags":["loop","repeat","player","reload","refresh","update","synchronize","arrows"],"defaultCode":59950,"grid":16},"attrs":[],"properties":{"ligatures":"loop2, repeat2","name":"loop2","order":3,"id":0,"prevSize":32,"code":59950},"setIdx":0,"setId":2,"iconIdx":0},{"icon":{"paths":["M877.254 621.254l-320 320c-24.992 24.994-65.514 24.994-90.508 0l-320-320c-24.994-24.994-24.994-65.516 0-90.51 24.994-24.996 65.516-24.996 90.51 0l210.744 210.746v-613.49c0-35.346 28.654-64 64-64s64 28.654 64 64v613.49l210.746-210.746c12.496-12.496 28.876-18.744 45.254-18.744s32.758 6.248 45.254 18.746c24.994 24.994 24.994 65.514 0 90.508z"],"attrs":[],"isMulticolor":false,"isMulticolor2":false,"tags":["arrow-down","down","download","bottom"],"defaultCode":59966,"grid":16},"attrs":[],"properties":{"ligatures":"arrow-down2, down2","name":"arrow-down2","order":2,"id":1,"prevSize":32,"code":59966},"setIdx":0,"setId":2,"iconIdx":1},{"icon":{"paths":["M192 128l640 384-640 384z"],"tags":["play","player"],"defaultCode":59932,"grid":16,"attrs":[]},"attrs":[],"properties":{"ligatures":"play3, player8","name":"play3","order":4,"id":285,"prevSize":32,"code":59932},"setIdx":1,"setId":1,"iconIdx":284}],"height":1024,"metadata":{"name":"icomoon"},"preferences":{"showGlyphs":true,"showQuickUse":true,"showQuickUse2":true,"showSVGs":true,"fontPref":{"prefix":"icon-","metadata":{"fontFamily":"icomoon"},"metrics":{"emSize":1024,"baseline":6.25,"whitespace":50},"embed":false},"imagePref":{"prefix":"icon-","png":true,"useClassSelector":true,"color":0,"bgColor":16777215,"classSelector":".icon","name":"icomoon"},"historySize":50,"showCodes":true,"gridSize":16}}