{"IcoMoonType":"selection","icons":[{"icon":{"paths":["M889.68 166.32c-93.608-102.216-228.154-166.32-377.68-166.32-282.77 0-512 229.23-512 512h96c0-229.75 186.25-416 416-416 123.020 0 233.542 53.418 309.696 138.306l-149.696 149.694h352v-352l-134.32 134.32z","M928 512c0 229.75-186.25 416-416 416-123.020 0-233.542-53.418-309.694-138.306l149.694-149.694h-352v352l134.32-134.32c93.608 102.216 228.154 166.32 377.68 166.32 282.77 0 512-229.23 512-512h-96z"],"attrs":[],"isMulticolor":false,"isMulticolor2":false,"tags":["loop","repeat","player","reload","refresh","update","synchronize","arrows"],"defaultCode":59950,"grid":16},"attrs":[],"properties":{"ligatures":"loop2, repeat2","name":"loop2","order":3,"id":0,"prevSize":32,"code":59950},"setIdx":0,"setId":2,"iconIdx":0},{"icon":{"paths":["M877.254 621.254l-320 320c-24.992 24.994-65.514 24.994-90.508 0l-320-320c-24.994-24.994-24.994-65.516 0-90.51 24.994-24.996 65.516-24.996 90.51 0l210.744 210.746v-613.49c0-35.346 28.654-64 64-64s64 28.654 64 64v613.49l210.746-210.746c12.496-12.496 28.876-18.744 45.254-18.744s32.758 6.248 45.254 18.746c24.994 24.994 24.994 65.514 0 90.508z"],"attrs":[],"isMulticolor":false,"isMulticolor2":false,"tags":["arrow-down","down","download","bottom"],"defaultCode":59966,"grid":16},"attrs":[],"properties":{"ligatures":"arrow-down2, down2","name":"arrow-down2","order":2,"id":1,"prevSize":32,"code":59966},"setIdx":0,"setId":2,"iconIdx":1},{"icon":{"paths":["M1024 608l-192-192v-288h-128v160l-192-192-512 512v32h128v320h320v-192h128v192h320v-320h128z"],"tags":["home","house"],"defaultCode":59650,"grid":16,"attrs":[]},"attrs":[],"properties":{"ligatures":"home3, house3","name":"home3","order":5,"id":3,"prevSize":32,"code":59650},"setIdx":1,"setId":1,"iconIdx":2},{"icon":{"paths":["M288 576h-64v448h64c17.6 0 32-14.4 32-32v-384c0-17.6-14.4-32-32-32z","M736 576c-17.602 0-32 14.4-32 32v384c0 17.6 14.398 32 32 32h64v-448h-64z","M1024 512c0-282.77-229.23-512-512-512s-512 229.23-512 512c0 61.412 10.83 120.29 30.656 174.848-19.478 33.206-30.656 71.87-30.656 113.152 0 112.846 83.448 206.188 192 221.716v-443.418c-31.914 4.566-61.664 15.842-87.754 32.378-5.392-26.718-8.246-54.364-8.246-82.676 0-229.75 186.25-416 416-416s416 186.25 416 416c0 28.314-2.83 55.968-8.22 82.696-26.1-16.546-55.854-27.848-87.78-32.418v443.44c108.548-15.532 192-108.874 192-221.714 0-41.274-11.178-79.934-30.648-113.138 19.828-54.566 30.648-113.452 30.648-174.866z"],"tags":["headphones","headset","music","audio"],"defaultCode":59664,"grid":16,"attrs":[]},"attrs":[],"properties":{"ligatures":"headphones, headset","name":"headphones","order":6,"id":17,"prevSize":32,"code":59664},"setIdx":1,"setId":1,"iconIdx":16},{"icon":{"paths":["M192 128l640 384-640 384z"],"tags":["play","player"],"defaultCode":59932,"grid":16,"attrs":[]},"attrs":[],"properties":{"ligatures":"play3, player8","name":"play3","order":4,"id":285,"prevSize":32,"code":59932},"setIdx":1,"setId":1,"iconIdx":284}],"height":1024,"metadata":{"name":"icomoon"},"preferences":{"showGlyphs":true,"showQuickUse":true,"showQuickUse2":true,"showSVGs":true,"fontPref":{"prefix":"icon-","metadata":{"fontFamily":"icomoon"},"metrics":{"emSize":1024,"baseline":6.25,"whitespace":50},"embed":false},"imagePref":{"prefix":"icon-","png":true,"useClassSelector":true,"color":0,"bgColor":16777215,"classSelector":".icon","name":"icomoon"},"historySize":50,"showCodes":true,"gridSize":16}}